record_id,unit_id,org_id,order_id,ordered_sku,ordered_asin,identity_match,parts_list,time,photo_ref,category,scenario,parts_missing
PCK-WATCH-01,UNIT-WATCH-01,org_demo_alpha,ORD-WATCH-01,SKU-WATCH-A,B0WATCH001,yes,watch;box,2026-08-01T09:00:00Z,https://thumb.wikimedia.org/wikipedia/commons/thumb/1/11/Vintage_Jules_Jurgensen_Men%27s_Digital_Quartz_Watch%2C_Red_LED_Display%2C_Module_Dated_9-76_-_View_2_%2827033945959%29.jpg/1280px-Vintage_Jules_Jurgensen_Men%27s_Digital_Quartz_Watch%2C_Red_LED_Display%2C_Module_Dated_9-76_-_View_2_%2827033945959%29.jpg,electronics,"Baseline: complete return, same watch + box, all sold-vs-returned IDs match.",
PCK-WATCH-02,UNIT-WATCH-02,org_demo_alpha,ORD-WATCH-02,SKU-WATCH-A,B0WATCH001,yes,watch;box,2026-08-01T09:05:00Z,https://thumb.wikimedia.org/wikipedia/commons/thumb/1/11/Vintage_Jules_Jurgensen_Men%27s_Digital_Quartz_Watch%2C_Red_LED_Display%2C_Module_Dated_9-76_-_View_2_%2827033945959%29.jpg/1280px-Vintage_Jules_Jurgensen_Men%27s_Digital_Quartz_Watch%2C_Red_LED_Display%2C_Module_Dated_9-76_-_View_2_%2827033945959%29.jpg,electronics,"Main part (watch itself) reported missing from the returned box. No genuine public photo exists for this exact staged scenario, so returned_photo_url is left blank on purpose - exercises the fail-open 'no_return_photo' path. watch is the first (main/non-replaceable) part in parts_list, so it must never be auto-restocked.",
PCK-WATCH-03,UNIT-WATCH-03,org_demo_alpha,ORD-WATCH-03,SKU-WATCH-A,B0WATCH001,yes,watch;box,2026-08-01T09:10:00Z,https://thumb.wikimedia.org/wikipedia/commons/thumb/1/11/Vintage_Jules_Jurgensen_Men%27s_Digital_Quartz_Watch%2C_Red_LED_Display%2C_Module_Dated_9-76_-_View_2_%2827033945959%29.jpg/1280px-Vintage_Jules_Jurgensen_Men%27s_Digital_Quartz_Watch%2C_Red_LED_Display%2C_Module_Dated_9-76_-_View_2_%2827033945959%29.jpg,electronics,order_id on the returned label does not match the order_id recorded at sale (mislabeled return) - tests sold_vs_returned_id_check; the photo itself is genuine and unremarkable.,
PCK-AIR-01,UNIT-AIR-01,org_demo_alpha,ORD-AIR-01,SKU-AIR-A,B0AIR001,yes,AirPods case,2026-08-01T09:15:00Z,https://thumb.wikimedia.org/wikipedia/commons/thumb/2/2e/Second_generation_AirPods.jpg/1280px-Second_generation_AirPods.jpg,electronics,"Baseline: complete return, all IDs match.",
PCK-AIR-02,UNIT-AIR-02,org_demo_alpha,ORD-AIR-02,SKU-AIR-A,B0AIR001,yes,AirPods case,2026-08-01T09:20:00Z,https://thumb.wikimedia.org/wikipedia/commons/thumb/2/2e/Second_generation_AirPods.jpg/1280px-Second_generation_AirPods.jpg,electronics,"Identity mismatch - a phone was returned instead of the AirPods. Every ID on the label still matches (sold_vs_returned_id_check reports matched), so this specifically tests that vision-based identity judgment catches what the ID check alone cannot.",
PCK-AIR-03,UNIT-AIR-03,org_demo_alpha,ORD-AIR-03,SKU-AIR-A,B0AIR001,yes,AirPods case,2026-08-01T09:25:00Z,https://thumb.wikimedia.org/wikipedia/commons/thumb/2/2e/Second_generation_AirPods.jpg/1280px-Second_generation_AirPods.jpg,electronics,ordered_sku and ordered_asin both changed on the returned label vs. the sold record.,
PCK-PHONE-01,UNIT-PHONE-01,org_demo_alpha,ORD-PHONE-01,SKU-PHONE-A,B0PHONE01,yes,handset;battery;battery cover,2026-08-01T09:30:00Z,https://thumb.wikimedia.org/wikipedia/commons/thumb/d/d7/Samsung_Galaxy_S_2_and_its_removable_parts.jpg/1280px-Samsung_Galaxy_S_2_and_its_removable_parts.jpg,electronics,"Baseline: complete return, all 3 parts visible together, all IDs match.",
PCK-PHONE-02,UNIT-PHONE-02,org_demo_alpha,ORD-PHONE-02,SKU-PHONE-A,B0PHONE01,yes,handset;battery;battery cover,2026-08-01T09:35:00Z,https://thumb.wikimedia.org/wikipedia/commons/thumb/d/d7/Samsung_Galaxy_S_2_and_its_removable_parts.jpg/1280px-Samsung_Galaxy_S_2_and_its_removable_parts.jpg,electronics,"Side parts (battery + battery cover) reported missing. No genuine photo of this exact staged scenario exists, left blank on purpose. Unlike WATCH-02/PHONE-03, these are side/essential/replaceable parts (not the first-listed main part).",
PCK-PHONE-03,UNIT-PHONE-03,org_demo_alpha,ORD-PHONE-03,SKU-PHONE-A,B0PHONE01,yes,handset;battery;battery cover,2026-08-01T09:40:00Z,https://thumb.wikimedia.org/wikipedia/commons/thumb/d/d7/Samsung_Galaxy_S_2_and_its_removable_parts.jpg/1280px-Samsung_Galaxy_S_2_and_its_removable_parts.jpg,electronics,"Main part (handset itself) reported absent - essential/non-replaceable, must never be auto-restocked (R09/R10). No genuine photo of this exact scenario exists, left blank.",
PCK-PHONE-04,UNIT-PHONE-04,org_demo_alpha,ORD-PHONE-04,SKU-PHONE-A,B0PHONE01,yes,handset;battery;battery cover,2026-08-01T09:45:00Z,https://thumb.wikimedia.org/wikipedia/commons/thumb/d/d7/Samsung_Galaxy_S_2_and_its_removable_parts.jpg/1280px-Samsung_Galaxy_S_2_and_its_removable_parts.jpg,electronics,"Genuinely damaged - screen shattered, real photo of a different but comparable handset.",
PCK-PHONE-05,UNIT-PHONE-05,org_demo_alpha,ORD-PHONE-05,SKU-PHONE-A,B0PHONE01,yes,handset;battery;battery cover,2026-08-01T09:50:00Z,https://thumb.wikimedia.org/wikipedia/commons/thumb/d/d7/Samsung_Galaxy_S_2_and_its_removable_parts.jpg/1280px-Samsung_Galaxy_S_2_and_its_removable_parts.jpg,electronics,org_id mismatch between the sold record and the returned record.,
PCK-PHONE-06,UNIT-PHONE-06,org_demo_alpha,ORD-PHONE-06,SKU-PHONE-A,B0PHONE01,yes,handset;battery;battery cover,2026-08-01T09:55:00Z,https://thumb.wikimedia.org/wikipedia/commons/thumb/d/d7/Samsung_Galaxy_S_2_and_its_removable_parts.jpg/1280px-Samsung_Galaxy_S_2_and_its_removable_parts.jpg,electroniks,Category deliberately misspelled ('electroniks') - tests the unknown_category fail-open path; all IDs otherwise match.,
PCK-PHONE-07,UNIT-PHONE-07,org_demo_alpha,ORD-PHONE-07,SKU-PHONE-A,B0PHONE01,yes,handset;battery;battery cover,2026-08-01T10:00:00Z,https://thumb.wikimedia.org/wikipedia/commons/thumb/d/d7/Samsung_Galaxy_S_2_and_its_removable_parts.jpg/1280px-Samsung_Galaxy_S_2_and_its_removable_parts.jpg,,Category left blank on purpose and no --default-category supplied - tests the no_category fail-open path.,
PCK-PUZZLE-01,UNIT-PUZZLE-01,org_demo_alpha,ORD-PUZZLE-01,SKU-PUZZLE-A,B0PUZ001,yes,puzzle pieces,2026-08-02T09:00:00Z,https://thumb.wikimedia.org/wikipedia/commons/thumb/1/10/20171106Puzzle1.jpg/1280px-20171106Puzzle1.jpg,toys_games,"Baseline: complete return, all IDs match.",
PCK-PUZZLE-02,UNIT-PUZZLE-02,org_demo_alpha,ORD-PUZZLE-02,SKU-PUZZLE-A,B0PUZ001,yes,puzzle pieces,2026-08-02T09:05:00Z,https://thumb.wikimedia.org/wikipedia/commons/thumb/1/10/20171106Puzzle1.jpg/1280px-20171106Puzzle1.jpg,toys_games,Damaged/dirty - pieces show real wear in a genuinely different photo.,
PCK-PUZZLE-03,UNIT-PUZZLE-03,org_demo_alpha,ORD-PUZZLE-03,SKU-PUZZLE-A,B0PUZ001,yes,puzzle pieces,2026-08-02T09:10:00Z,https://thumb.wikimedia.org/wikipedia/commons/thumb/1/10/20171106Puzzle1.jpg/1280px-20171106Puzzle1.jpg,toys_games,"Far fewer pieces visible than expected. No genuine photo of this exact scenario exists, left blank on purpose.",
PCK-PUZZLE-04,UNIT-PUZZLE-04,org_demo_alpha,ORD-PUZZLE-04,SKU-PUZZLE-A,B0PUZ001,yes,puzzle pieces,2026-08-02T09:15:00Z,https://thumb.wikimedia.org/wikipedia/commons/thumb/1/10/20171106Puzzle1.jpg/1280px-20171106Puzzle1.jpg,toys_games,order_id AND ordered_sku both mismatched at once - multi-field NOT MATCHED.,
PCK-LEASH-01,UNIT-LEASH-01,org_demo_alpha,ORD-LEASH-01,SKU-LEASH-A,B0LEASH01,yes,leash,2026-08-02T09:20:00Z,https://thumb.wikimedia.org/wikipedia/commons/thumb/b/b1/Chain_Leash_crop.jpg/1280px-Chain_Leash_crop.jpg,pet,"Baseline: complete return, all IDs match.",
PCK-LEASH-02,UNIT-LEASH-02,org_demo_alpha,ORD-LEASH-02,SKU-LEASH-A,B0LEASH01,yes,leash,2026-08-02T09:25:00Z,https://thumb.wikimedia.org/wikipedia/commons/thumb/b/b1/Chain_Leash_crop.jpg/1280px-Chain_Leash_crop.jpg,pet,"Identity mismatch - a phone returned instead of a leash. pet is a new-only category, so nothing here can ever restock/refurbish regardless of condition.",
PCK-LEASH-03,UNIT-LEASH-03,org_demo_alpha,ORD-LEASH-03,SKU-LEASH-A,B0LEASH01,yes,leash,2026-08-02T09:30:00Z,https://thumb.wikimedia.org/wikipedia/commons/thumb/b/b1/Chain_Leash_crop.jpg/1280px-Chain_Leash_crop.jpg,pet,ordered_asin mismatch only.,
PCK-KETTLE-01,UNIT-KETTLE-01,org_demo_alpha,ORD-KETTLE-01,SKU-KETTLE-A,B0KETTLE1,yes,kettle;lid,2026-08-02T09:35:00Z,https://thumb.wikimedia.org/wikipedia/commons/thumb/3/3e/2023_Czajnik_elektryczny_Bosch_%281%29.jpg/1280px-2023_Czajnik_elektryczny_Bosch_%281%29.jpg,home_kitchen,"Baseline: complete return, all IDs match.",
PCK-KETTLE-02,UNIT-KETTLE-02,org_demo_alpha,ORD-KETTLE-02,SKU-KETTLE-A,B0KETTLE1,yes,kettle;lid,2026-08-02T09:40:00Z,https://thumb.wikimedia.org/wikipedia/commons/thumb/3/3e/2023_Czajnik_elektryczny_Bosch_%281%29.jpg/1280px-2023_Czajnik_elektryczny_Bosch_%281%29.jpg,home_kitchen,order_id mismatch between sold and returned records.,
PCK-SHAMPOO-01,UNIT-SHAMPOO-01,org_demo_alpha,ORD-SHAMPOO-01,SKU-SHAMPOO-A,B0SHMP01,yes,bottle;pump cap,2026-08-02T09:45:00Z,https://thumb.wikimedia.org/wikipedia/commons/thumb/d/df/Dove_shampoo_bottle_in_black_background.jpg/1280px-Dove_shampoo_bottle_in_black_background.jpg,beauty_topical,"Baseline: complete return, all IDs match. beauty_topical is a new-only category.",
PCK-SHAMPOO-02,UNIT-SHAMPOO-02,org_demo_alpha,ORD-SHAMPOO-02,SKU-SHAMPOO-A,B0SHMP01,yes,bottle;pump cap,2026-08-02T09:50:00Z,https://thumb.wikimedia.org/wikipedia/commons/thumb/d/df/Dove_shampoo_bottle_in_black_background.jpg/1280px-Dove_shampoo_bottle_in_black_background.jpg,beauty_topical,"Identity mismatch - a visibly different bottle was returned. All label IDs match, so sold_vs_returned_id_check alone won't catch this; needs vision judgment. beauty_topical is new-only, so this can never restock even if graded as good condition.",
PCK-SHAMPOO-03,UNIT-SHAMPOO-03,org_demo_alpha,ORD-SHAMPOO-03,SKU-SHAMPOO-A,B0SHMP01,yes,bottle;pump cap,2026-08-02T09:55:00Z,https://thumb.wikimedia.org/wikipedia/commons/thumb/d/df/Dove_shampoo_bottle_in_black_background.jpg/1280px-Dove_shampoo_bottle_in_black_background.jpg,beauty_topical,ordered_sku mismatch only.,
PCK-CEREAL-01,UNIT-CEREAL-01,org_demo_alpha,ORD-CEREAL-01,SKU-CEREAL-A,B0CRL001,yes,cereal box;inner bag,2026-08-02T10:00:00Z,https://thumb.wikimedia.org/wikipedia/commons/thumb/f/f6/Raisin_Bran_Cereal_in_box_%2838390064056%29.jpg/1280px-Raisin_Bran_Cereal_in_box_%2838390064056%29.jpg,grocery_ingestible,"Baseline: complete return, all IDs match. grocery_ingestible is a new-only category.",
PCK-CEREAL-02,UNIT-CEREAL-02,org_demo_alpha,ORD-CEREAL-02,SKU-CEREAL-A,B0CRL001,yes,cereal box;inner bag,2026-08-02T10:05:00Z,https://thumb.wikimedia.org/wikipedia/commons/thumb/f/f6/Raisin_Bran_Cereal_in_box_%2838390064056%29.jpg/1280px-Raisin_Bran_Cereal_in_box_%2838390064056%29.jpg,grocery_ingestible,org_id AND order_id both mismatched together.,
PCK-CEREAL-03,UNIT-CEREAL-03,org_demo_alpha,ORD-CEREAL-03,SKU-CEREAL-A,B0CRL001,yes,Cereal Box  ;Vitamin Sachet ☕;Spoon xABC,2026-08-02T10:10:00Z,https://thumb.wikimedia.org/wikipedia/commons/thumb/f/f6/Raisin_Bran_Cereal_in_box_%2838390064056%29.jpg/1280px-Raisin_Bran_Cereal_in_box_%2838390064056%29.jpg,grocery_ingestible,"Malformed parts_list on purpose: stray whitespace, a unicode character, and a non-numeric quantity suffix ('xABC') - tests parts-list parser edge cases.",
PCK- EDGE-01,UNIT-EDGE-01,org_demo_alpha,ORD-EDGE-01,SKU-PHONE-A,B0PHONE01,uncertain,handset;battery;battery cover,2026-08-02T10:15:00Z,https://thumb.wikimedia.org/wikipedia/commons/thumb/d/d7/Samsung_Galaxy_S_2_and_its_removable_parts.jpg/1280px-Samsung_Galaxy_S_2_and_its_removable_parts.jpg,electronics,"Deliberately padded whitespace on several fields, and identity_match carried forward as 'uncertain' (not 'yes') from the sold record - tests CSV trimming and that identity_match is carried forward unmodified, never re-derived by the agent.",
PCK-EDGE-02,UNIT-EDGE-02,org_demo_alpha,ORD-EDGE-02,SKU-PHONE-A,B0PHONE01,yes,handset;battery;battery cover,2026-08-02T10:20:00Z,https://thumb.wikimedia.org/wikipedia/commons/thumb/d/d7/Samsung_Galaxy_S_2_and_its_removable_parts.jpg/1280px-Samsung_Galaxy_S_2_and_its_removable_parts.jpg,electronics,"Two returned photos submitted for one return (parts overview + shattered-screen close-up), separated by ';' - tests that multiple photos are all considered and that one irrelevant/bad photo would never discard the rest.",
