record_id,unit_id,org_id,order_id,ordered_sku,ordered_asin,returned_photo_ref,time,scenario,parts_missing
RTN-WATCH-01,UNIT-WATCH-01,org_demo_alpha,ORD-WATCH-01,SKU-WATCH-A,B0WATCH001,https://thumb.wikimedia.org/wikipedia/commons/thumb/1/11/Vintage_Jules_Jurgensen_Men%27s_Digital_Quartz_Watch%2C_Red_LED_Display%2C_Module_Dated_9-76_-_View_2_%2827033945959%29.jpg/1280px-Vintage_Jules_Jurgensen_Men%27s_Digital_Quartz_Watch%2C_Red_LED_Display%2C_Module_Dated_9-76_-_View_2_%2827033945959%29.jpg,2026-09-01T10:00:00Z,"Baseline: complete return, same watch + box, all sold-vs-returned IDs match.",
RTN-WATCH-02,UNIT-WATCH-02,org_demo_alpha,ORD-WATCH-02,SKU-WATCH-A,B0WATCH001,,2026-09-01T10:05:00Z,"Main part (watch itself) reported missing from the returned box. No genuine public photo exists for this exact staged scenario, so returned_photo_url is left blank on purpose - exercises the fail-open 'no_return_photo' path. watch is the first (main/non-replaceable) part in parts_list, so it must never be auto-restocked.",
RTN-WATCH-03,UNIT-WATCH-03,org_demo_alpha,ORD-WATCH-03-WRONG,SKU-WATCH-A,B0WATCH001,https://thumb.wikimedia.org/wikipedia/commons/thumb/1/11/Vintage_Jules_Jurgensen_Men%27s_Digital_Quartz_Watch%2C_Red_LED_Display%2C_Module_Dated_9-76_-_View_2_%2827033945959%29.jpg/1280px-Vintage_Jules_Jurgensen_Men%27s_Digital_Quartz_Watch%2C_Red_LED_Display%2C_Module_Dated_9-76_-_View_2_%2827033945959%29.jpg,2026-09-01T10:10:00Z,order_id on the returned label does not match the order_id recorded at sale (mislabeled return) - tests sold_vs_returned_id_check; the photo itself is genuine and unremarkable.,
RTN-AIR-01,UNIT-AIR-01,org_demo_alpha,ORD-AIR-01,SKU-AIR-A,B0AIR001,https://thumb.wikimedia.org/wikipedia/commons/thumb/2/2e/Second_generation_AirPods.jpg/1280px-Second_generation_AirPods.jpg,2026-09-01T10:15:00Z,"Baseline: complete return, all IDs match.",
RTN-AIR-02,UNIT-AIR-02,org_demo_alpha,ORD-AIR-02,SKU-AIR-A,B0AIR001,https://upload.wikimedia.org/wikipedia/commons/c/ca/Samsung_Galaxy_S2_i9100.jpg,2026-09-01T10:20:00Z,"Identity mismatch - a phone was returned instead of the AirPods. Every ID on the label still matches (sold_vs_returned_id_check reports matched), so this specifically tests that vision-based identity judgment catches what the ID check alone cannot.",
RTN-AIR-03,UNIT-AIR-03,org_demo_alpha,ORD-AIR-03,SKU-AIR-B,B0AIR002,https://thumb.wikimedia.org/wikipedia/commons/thumb/2/2e/Second_generation_AirPods.jpg/1280px-Second_generation_AirPods.jpg,2026-09-01T10:25:00Z,ordered_sku and ordered_asin both changed on the returned label vs. the sold record.,
RTN-PHONE-01,UNIT-PHONE-01,org_demo_alpha,ORD-PHONE-01,SKU-PHONE-A,B0PHONE01,https://thumb.wikimedia.org/wikipedia/commons/thumb/d/d7/Samsung_Galaxy_S_2_and_its_removable_parts.jpg/1280px-Samsung_Galaxy_S_2_and_its_removable_parts.jpg,2026-09-01T10:30:00Z,"Baseline: complete return, all 3 parts visible together, all IDs match.",
RTN-PHONE-02,UNIT-PHONE-02,org_demo_alpha,ORD-PHONE-02,SKU-PHONE-A,B0PHONE01,,2026-09-01T10:35:00Z,"Side parts (battery + battery cover) reported missing. No genuine photo of this exact staged scenario exists, left blank on purpose. Unlike WATCH-02/PHONE-03, these are side/essential/replaceable parts (not the first-listed main part).",
RTN-PHONE-03,UNIT-PHONE-03,org_demo_alpha,ORD-PHONE-03,SKU-PHONE-A,B0PHONE01,,2026-09-01T10:40:00Z,"Main part (handset itself) reported absent - essential/non-replaceable, must never be auto-restocked (R09/R10). No genuine photo of this exact scenario exists, left blank.",
RTN-PHONE-04,UNIT-PHONE-04,org_demo_alpha,ORD-PHONE-04,SKU-PHONE-A,B0PHONE01,https://thumb.wikimedia.org/wikipedia/commons/thumb/9/9a/Samsung_Galaxy_S2_shattered_screen.jpg/1280px-Samsung_Galaxy_S2_shattered_screen.jpg,2026-09-01T10:45:00Z,"Genuinely damaged - screen shattered, real photo of a different but comparable handset.",
RTN-PHONE-05,UNIT-PHONE-05,org_demo_beta,ORD-PHONE-05,SKU-PHONE-A,B0PHONE01,https://thumb.wikimedia.org/wikipedia/commons/thumb/d/d7/Samsung_Galaxy_S_2_and_its_removable_parts.jpg/1280px-Samsung_Galaxy_S_2_and_its_removable_parts.jpg,2026-09-01T10:50:00Z,org_id mismatch between the sold record and the returned record.,
RTN-PHONE-06,UNIT-PHONE-06,org_demo_alpha,ORD-PHONE-06,SKU-PHONE-A,B0PHONE01,https://thumb.wikimedia.org/wikipedia/commons/thumb/d/d7/Samsung_Galaxy_S_2_and_its_removable_parts.jpg/1280px-Samsung_Galaxy_S_2_and_its_removable_parts.jpg,2026-09-01T10:55:00Z,Category deliberately misspelled ('electroniks') - tests the unknown_category fail-open path; all IDs otherwise match.,
RTN-PHONE-07,UNIT-PHONE-07,org_demo_alpha,ORD-PHONE-07,SKU-PHONE-A,B0PHONE01,https://thumb.wikimedia.org/wikipedia/commons/thumb/d/d7/Samsung_Galaxy_S_2_and_its_removable_parts.jpg/1280px-Samsung_Galaxy_S_2_and_its_removable_parts.jpg,2026-09-01T11:00:00Z,Category left blank on purpose and no --default-category supplied - tests the no_category fail-open path.,
RTN-PUZZLE-01,UNIT-PUZZLE-01,org_demo_alpha,ORD-PUZZLE-01,SKU-PUZZLE-A,B0PUZ001,https://thumb.wikimedia.org/wikipedia/commons/thumb/1/10/20171106Puzzle1.jpg/1280px-20171106Puzzle1.jpg,2026-09-02T10:00:00Z,"Baseline: complete return, all IDs match.",
RTN-PUZZLE-02,UNIT-PUZZLE-02,org_demo_alpha,ORD-PUZZLE-02,SKU-PUZZLE-A,B0PUZ001,https://thumb.wikimedia.org/wikipedia/commons/thumb/3/32/20171106Puzzle2.jpg/1280px-20171106Puzzle2.jpg,2026-09-02T10:05:00Z,Damaged/dirty - pieces show real wear in a genuinely different photo.,
RTN-PUZZLE-03,UNIT-PUZZLE-03,org_demo_alpha,ORD-PUZZLE-03,SKU-PUZZLE-A,B0PUZ001,,2026-09-02T10:10:00Z,"Far fewer pieces visible than expected. No genuine photo of this exact scenario exists, left blank on purpose.",
RTN-PUZZLE-04,UNIT-PUZZLE-04,org_demo_alpha,ORD-PUZZLE-04-X,SKU-PUZZLE-B,B0PUZ001,https://thumb.wikimedia.org/wikipedia/commons/thumb/1/10/20171106Puzzle1.jpg/1280px-20171106Puzzle1.jpg,2026-09-02T10:15:00Z,order_id AND ordered_sku both mismatched at once - multi-field NOT MATCHED.,
RTN-LEASH-01,UNIT-LEASH-01,org_demo_alpha,ORD-LEASH-01,SKU-LEASH-A,B0LEASH01,https://thumb.wikimedia.org/wikipedia/commons/thumb/b/b1/Chain_Leash_crop.jpg/1280px-Chain_Leash_crop.jpg,2026-09-02T10:20:00Z,"Baseline: complete return, all IDs match.",
RTN-LEASH-02,UNIT-LEASH-02,org_demo_alpha,ORD-LEASH-02,SKU-LEASH-A,B0LEASH01,https://upload.wikimedia.org/wikipedia/commons/c/ca/Samsung_Galaxy_S2_i9100.jpg,2026-09-02T10:25:00Z,"Identity mismatch - a phone returned instead of a leash. pet is a new-only category, so nothing here can ever restock/refurbish regardless of condition.",
RTN-LEASH-03,UNIT-LEASH-03,org_demo_alpha,ORD-LEASH-03,SKU-LEASH-A,B0LEASH02,https://thumb.wikimedia.org/wikipedia/commons/thumb/b/b1/Chain_Leash_crop.jpg/1280px-Chain_Leash_crop.jpg,2026-09-02T10:30:00Z,ordered_asin mismatch only.,
RTN-KETTLE-01,UNIT-KETTLE-01,org_demo_alpha,ORD-KETTLE-01,SKU-KETTLE-A,B0KETTLE1,https://thumb.wikimedia.org/wikipedia/commons/thumb/3/3e/2023_Czajnik_elektryczny_Bosch_%281%29.jpg/1280px-2023_Czajnik_elektryczny_Bosch_%281%29.jpg,2026-09-02T10:35:00Z,"Baseline: complete return, all IDs match.",
RTN-KETTLE-02,UNIT-KETTLE-02,org_demo_alpha,ORD-KETTLE-02-WRONG,SKU-KETTLE-A,B0KETTLE1,https://thumb.wikimedia.org/wikipedia/commons/thumb/3/3e/2023_Czajnik_elektryczny_Bosch_%281%29.jpg/1280px-2023_Czajnik_elektryczny_Bosch_%281%29.jpg,2026-09-02T10:40:00Z,order_id mismatch between sold and returned records.,
RTN-SHAMPOO-01,UNIT-SHAMPOO-01,org_demo_alpha,ORD-SHAMPOO-01,SKU-SHAMPOO-A,B0SHMP01,https://thumb.wikimedia.org/wikipedia/commons/thumb/d/df/Dove_shampoo_bottle_in_black_background.jpg/1280px-Dove_shampoo_bottle_in_black_background.jpg,2026-09-02T10:45:00Z,"Baseline: complete return, all IDs match. beauty_topical is a new-only category.",
RTN-SHAMPOO-02,UNIT-SHAMPOO-02,org_demo_alpha,ORD-SHAMPOO-02,SKU-SHAMPOO-A,B0SHMP01,https://upload.wikimedia.org/wikipedia/commons/9/96/Green_shampoo_bottle.jpg,2026-09-02T10:50:00Z,"Identity mismatch - a visibly different bottle was returned. All label IDs match, so sold_vs_returned_id_check alone won't catch this; needs vision judgment. beauty_topical is new-only, so this can never restock even if graded as good condition.",
RTN-SHAMPOO-03,UNIT-SHAMPOO-03,org_demo_alpha,ORD-SHAMPOO-03,SKU-SHAMPOO-B,B0SHMP01,https://thumb.wikimedia.org/wikipedia/commons/thumb/d/df/Dove_shampoo_bottle_in_black_background.jpg/1280px-Dove_shampoo_bottle_in_black_background.jpg,2026-09-02T10:55:00Z,ordered_sku mismatch only.,
RTN-CEREAL-01,UNIT-CEREAL-01,org_demo_alpha,ORD-CEREAL-01,SKU-CEREAL-A,B0CRL001,https://thumb.wikimedia.org/wikipedia/commons/thumb/f/f6/Raisin_Bran_Cereal_in_box_%2838390064056%29.jpg/1280px-Raisin_Bran_Cereal_in_box_%2838390064056%29.jpg,2026-09-02T11:00:00Z,"Baseline: complete return, all IDs match. grocery_ingestible is a new-only category.",
RTN-CEREAL-02,UNIT-CEREAL-02,org_demo_beta,ORD-CEREAL-02-X,SKU-CEREAL-A,B0CRL001,https://thumb.wikimedia.org/wikipedia/commons/thumb/f/f6/Raisin_Bran_Cereal_in_box_%2838390064056%29.jpg/1280px-Raisin_Bran_Cereal_in_box_%2838390064056%29.jpg,2026-09-02T11:05:00Z,org_id AND order_id both mismatched together.,
RTN-CEREAL-03,UNIT-CEREAL-03,org_demo_alpha,ORD-CEREAL-03,SKU-CEREAL-A,B0CRL001,https://thumb.wikimedia.org/wikipedia/commons/thumb/f/f6/Raisin_Bran_Cereal_in_box_%2838390064056%29.jpg/1280px-Raisin_Bran_Cereal_in_box_%2838390064056%29.jpg,2026-09-02T11:10:00Z,"Malformed parts_list on purpose: stray whitespace, a unicode character, and a non-numeric quantity suffix ('xABC') - tests parts-list parser edge cases.",
RTN-EDGE-01,UNIT-EDGE-01,org_demo_alpha,ORD-EDGE-01,SKU-PHONE-A,B0PHONE01,https://thumb.wikimedia.org/wikipedia/commons/thumb/d/d7/Samsung_Galaxy_S_2_and_its_removable_parts.jpg/1280px-Samsung_Galaxy_S_2_and_its_removable_parts.jpg,2026-09-02T11:15:00Z,"Deliberately padded whitespace on several fields, and identity_match carried forward as 'uncertain' (not 'yes') from the sold record - tests CSV trimming and that identity_match is carried forward unmodified, never re-derived by the agent.",
RTN-EDGE-02,UNIT-EDGE-02,org_demo_alpha,ORD-EDGE-02,SKU-PHONE-A,B0PHONE01,https://thumb.wikimedia.org/wikipedia/commons/thumb/d/d7/Samsung_Galaxy_S_2_and_its_removable_parts.jpg/1280px-Samsung_Galaxy_S_2_and_its_removable_parts.jpg;https://thumb.wikimedia.org/wikipedia/commons/thumb/9/9a/Samsung_Galaxy_S2_shattered_screen.jpg/1280px-Samsung_Galaxy_S2_shattered_screen.jpg,2026-09-02T11:20:00Z,"Two returned photos submitted for one return (parts overview + shattered-screen close-up), separated by ';' - tests that multiple photos are all considered and that one irrelevant/bad photo would never discard the rest.",
